<?xml version="1.0" encoding="UTF-8"?>
<project-private xmlns="http://www.netbeans.org/ns/project-private/1">
    <editor-bookmarks xmlns="http://www.netbeans.org/ns/editor-bookmarks/2" lastBookmarkId="0"/>
    <open-files xmlns="http://www.netbeans.org/ns/projectui-open-files/2">
        <group>
            <file>file:/D:/Kuliah/smt%203/PEMROGRAMAN%20BERORIENTASI%20OBJEK/Latihan/TugasPbo1/src/tugaspbo1/TugasPbo1.java</file>
            <file>file:/D:/Kuliah/smt%203/PEMROGRAMAN%20BERORIENTASI%20OBJEK/Latihan/TugasPbo1/src/tugaspbo1/Ubin.java</file>
        </group>
    </open-files>
</project-private>
